"","MOLECULE_NAM","SMILES","STRUCTURE"
"1","NINTEDANIB","COC(=O)c1ccc2c(NC(=O)\C2=C(/Nc2ccc(cc2)N(C)C(=O)CN2CCN(C)CC2)c2ccccc2)c1","http://data.lincscloud.org/pert_images/BRD-K49075727.png"
"2","ITRACONAZOLE","CCC(C)n1ncn(c2ccc(cc2)N3CCN(CC3)c4ccc(OCC5COC(Cn6cncn6)(O5)c7ccc(Cl)cc7Cl)cc4)c1=O","http://data.lincscloud.org/pert_images/BRD-A34817987.png"
"3","DEXAMETHASONE","CC1CC2C3CCC4=CC(=O)C=CC4(C)C3(F)C(O)CC2(C)C1(O)C(=O)CO","http://data.lincscloud.org/pert_images/BRD-A35108200.png"
"4","BLEBBISTATIN","Cc1ccc2N=C3N(CCC3(O)C(=O)c2c1)c4ccccc4","http://data.lincscloud.org/pert_images/BRD-A75817871.png"
"5","MYRIOCIN","CCCCCCC(=O)CCCCCC\C=C\C[C@H](O)[C@@H](O)C(N)(CO)C(O)=O","http://data.lincscloud.org/pert_images/BRD-A76279427.png"
"6","NAVITOCLAX","CC1(C)CCC(=C(CN2CCN(CC2)c3ccc(cc3)C(=O)NS(=O)(=O)c4ccc(N[C@H](CCN5CCOCC5)CSc6ccccc6)c(c4)S(=O)(=O)C(F)(F)F)C1)c7ccc(Cl)cc7","http://data.lincscloud.org/pert_images/BRD-K82746043.png"
"7","AZD1480","CC(Nc1ncc(Cl)c(Nc2cc(C)[nH]n2)n1)c1ncc(F)cn1","http://data.lincscloud.org/pert_images/BRD-A29009894.png"
"8","PROCARBAZINE","CNNCc1ccc(cc1)C(=O)NC(C)C","http://data.lincscloud.org/pert_images/BRD-K13032584.png"
"9","AZACITIDINE","Nc1ncn([C@@H]2O[C@H](CO)[C@@H](O)[C@H]2O)c(=O)n1","http://data.lincscloud.org/pert_images/BRD-K03406345.png"
"10","SU11274","CN(c1cccc(Cl)c1)S(=O)(=O)c1ccc2NC(=O)\C(=C\c3[nH]c(C)c(C(=O)N4CCN(C)CC4)c3C)c2c1","http://data.lincscloud.org/pert_images/BRD-K59067695.png"
"11","FULVESTRANT","C[C@]12CC[C@H]3[C@@H]([C@H]1CC[C@@H]2O)[C@H](CCCCCCCCCS(=O)CCCC(F)(F)C(F)(F)F)Cc1cc(O)ccc31","http://data.lincscloud.org/pert_images/BRD-A17828570.png"
"12","PARTHENOLIDE","CC1=CCC[C@@]2(C)O[C@H]2[C@@H]2OC(=O)C(=C)[C@@H]2CC1","http://data.lincscloud.org/pert_images/BRD-K04949373.png"
"13","PRIMA1","OCC1(CO)N2CCC(CC2)C1=O","http://data.lincscloud.org/pert_images/BRD-K15318909.png"
"14","DECITABINE","Nc1ncn([C@H]2C[C@H](O)[C@@H](CO)O2)c(=O)n1","http://data.lincscloud.org/pert_images/BRD-K79254416.png"
"15","FLUVASTATIN","CC(C)n1c(/C=C/[C@@H](O)C[C@@H](O)CC(=O)O)c(c2ccc(F)cc2)c3ccccc13","http://data.lincscloud.org/pert_images/BRD-K66296774.png"
"16","GOSSYPOL","CC(C)c1c(O)c(O)c(C=O)c2c(O)c(c(C)cc12)c3c(C)cc4c(C(C)C)c(O)c(O)c(C=O)c4c3O","http://data.lincscloud.org/pert_images/BRD-K19295594.png"
"17","METHOTREXATE","CN(Cc1cnc2nc(N)nc(N)c2n1)c3ccc(cc3)C(=O)NC(CCC(=O)O)C(=O)O","http://data.lincscloud.org/pert_images/BRD-A55424491.png"
"18","SILDENAFIL","CCCc1nn(C)c2c(=O)[nH]c(nc12)c3cc(ccc3OCC)S(=O)(=O)N4CCN(C)CC4","http://data.lincscloud.org/pert_images/BRD-K79759585.png"
"19","SITAGLIPTIN","N[C@@H](CC(=O)N1CCn2c(nnc2C1)C(F)(F)F)Cc3cc(F)c(F)cc3F","http://data.lincscloud.org/pert_images/BRD-K19416115.png"
"20","AGK2","Clc1ccc(Cl)c(c1)c2ccc(/C=C(\C#N)/C(=O)Nc3cccc4ncccc34)o2","http://data.lincscloud.org/pert_images/BRD-K32536677.png"
"21","AXITINIB","CNC(=O)c1ccccc1Sc2ccc3c(/C=C/c4ccccn4)n[nH]c3c2","http://data.lincscloud.org/pert_images/BRD-K29905972.png"
"22","AZD7545","CN(C)C(=O)c1ccc(cc1)S(=O)(=O)c1ccc(NC(=O)[C@@](C)(O)C(F)(F)F)c(Cl)c1","http://data.lincscloud.org/pert_images/BRD-K52836380.png"
"23","BORTEZOMIB","CC(C)C[C@@H](NC(=O)[C@@H](Cc1ccccc1)NC(=O)C1=CNC=CN1)B(O)O","http://data.lincscloud.org/pert_images/BRD-K50691590.png"
"24","BREFELDINA","CC1CCC\C=C/C2CC(O)CC2C(O)\C=C/C(=O)O1","http://data.lincscloud.org/pert_images/BRD-A31107743.png"
"25","SJ172550","CCOc1cc(cc(Cl)c1OCC(=O)OC)\C=C1C(=O)N(N=C/1C)c1ccccc1","http://data.lincscloud.org/pert_images/BRD-K93095519.png"
"26","ETOMOXIR","CCOC(=O)[C@@]1(CCCCCCOc2ccc(Cl)cc2)CO1","http://data.lincscloud.org/pert_images/BRD-K32405725.png"
"27","TACROLIMUS","CO[C@@H]1C[C@@H](CC[C@H]1O)\C=C(/C)[C@H]1OC(=O)[C@@H]2CCCCN2C(=O)C(=O)[C@@]2(O)O[C@@H]([C@H](C[C@H]2C)OC)[C@H](C[C@@H](C)C\C(C)=C\[C@@H](CC=C)C(=O)C[C@H](O)[C@H]1C)OC","http://data.lincscloud.org/pert_images/BRD-K65261396.png"
"28","GANT61","CN(C)c1ccccc1CN1CCCN(Cc2ccccc2N(C)C)C1c1ccncc1","http://data.lincscloud.org/pert_images/BRD-K09485525.png"
"29","GMX1778","Clc1ccc(OCCCCCC\N=C(\NC#N)Nc2ccncc2)cc1","http://data.lincscloud.org/pert_images/BRD-K47335880.png"
"30","LAPATINIB","C.CS(=O)(=O)CCNCc1ccc(o1)-c1ccc2ncnc(Nc3ccc(OCc4cccc(F)c4)c(Cl)c3)c2c1","http://data.lincscloud.org/pert_images/BRD-M07438658.png"
"31","NUTLIN3","COc1ccc(C2=NC(C(N2C(=O)N3CCNC(=O)C3)c4ccc(Cl)cc4)c5ccc(Cl)cc5)c(OC(C)C)c1","http://data.lincscloud.org/pert_images/BRD-A12230535.png"
"32","SARACATINIB","CN1CCN(CCOc2cc(OC3CCOCC3)c3c(Nc4c5OCOc5ccc4Cl)ncnc3c2)CC1","http://data.lincscloud.org/pert_images/BRD-K19540840.png"
"33","SIROLIMUS","CO[C@@H]1CC(CC(C)[C@@H]2CC(=O)[C@H](C)\C=C(C)\[C@@H](O)[C@@H](OC)C(=O)[C@@H](C)C[C@H](C)\C=C\C=C\C=C(C)/[C@H](C[C@@H]3CC[C@@H](C)[C@@](O)(O3)C(=O)C(=O)N3CCCC[C@H]3C(=O)O2)OC)CC[C@H]1O","http://data.lincscloud.org/pert_images/BRD-A23770159.png"
"34","SRT1720","O=C(Nc1cc(CN2CCNCC2)cc(c1)-c1nc2ccccc2[nH]1)c1cnc2ccccc2n1","http://data.lincscloud.org/pert_images/BRD-K53855319.png"
"35","TANDUTINIB","COc1cc2c(ncnc2cc1OCCCN3CCCCC3)N4CCN(CC4)C(=O)Nc5ccc(OC(C)C)cc5","http://data.lincscloud.org/pert_images/BRD-K89162000.png"
"36","TG100115","Nc1nc(N)c2nc(-c3cccc(O)c3)c(nc2n1)-c1cccc(O)c1","http://data.lincscloud.org/pert_images/BRD-K64785675.png"
"37","TW37","CC(C)c1ccccc1Cc1cc(C(=O)Nc2ccc(cc2)S(=O)(=O)c2ccccc2C(C)(C)C)c(O)c(O)c1O","http://data.lincscloud.org/pert_images/BRD-K28360340.png"
"38","VER155008","Nc1ncnc2n([C@@H]3O[C@H](COCc4ccc(cc4)C#N)[C@@H](O)[C@H]3O)c(NCc3ccc(Cl)c(Cl)c3)nc12","http://data.lincscloud.org/pert_images/BRD-K32330832.png"
"39","ZSTK474","FC(F)c1nc2ccccc2n1-c1nc(nc(n1)N1CCOCC1)N1CCOCC1","http://data.lincscloud.org/pert_images/BRD-K63068307.png"
"40","CHLORAMBUCIL","OC(=O)CCCc1ccc(cc1)N(CCCl)CCCl","http://data.lincscloud.org/pert_images/BRD-K29458283.png"
"41","CIMETIDINE","CNC(=NC#N)NCCSCc1nc[nH]c1C","http://data.lincscloud.org/pert_images/BRD-K18618618.png"
"42","CYCLOPHOSPHAMIDE","ClCCN(CCCl)P1(=O)NCCCO1","http://data.lincscloud.org/pert_images/BRD-A09722536.png"
"43","LOVASTATIN","CC[C@H](C)C(=O)O[C@H]1C[C@@H](C)C=C2C=C[C@H](C)[C@H](CC[C@@H]3C[C@@H](O)CC(=O)O3)[C@@H]12","http://data.lincscloud.org/pert_images/BRD-K09416995.png"
"44","CLOFARABINE","Nc1nc(Cl)nc2n(cnc12)C3OC(CO)C(O)C3F","http://data.lincscloud.org/pert_images/BRD-A82371568.png"
"45","TAMOXIFEN","CCC(=C(c1ccccc1)c2ccc(OCCN(C)C)cc2)c3ccccc3","http://data.lincscloud.org/pert_images/BRD-K43744935.png"
"46","SIMVASTATIN","CCC(C)(C)C(=O)OC1CC(C)C=C2C=CC(C)C(CCC3CC(O)CC(=O)O3)C12","http://data.lincscloud.org/pert_images/BRD-A81772229.png"
"47","KI8751","COc1cc2nccc(Oc3ccc(NC(=O)Nc4ccc(F)cc4F)c(F)c3)c2cc1OC","http://data.lincscloud.org/pert_images/BRD-K47150025.png"
"48","PLX4720","CCCS(=O)(=O)Nc1ccc(F)c(C(=O)c2c[nH]c3ncc(Cl)cc23)c1F","http://data.lincscloud.org/pert_images/BRD-K16478699.png"
"49","BRDK27986637","C[C@H](CO)N1C[C@H](C)[C@H](CN(C)Cc2ccc3OCCOc3c2)OCc4cn(CCCC1=O)nn4","http://data.lincscloud.org/pert_images/BRD-K27986637.png"
"50","WZ4002","COc1cc(ccc1Nc1ncc(Cl)c(Oc2cccc(NC(=O)C=C)c2)n1)N1CCN(C)CC1","http://data.lincscloud.org/pert_images/BRD-K72420232.png"
"51","BRIVANIB","C[C@@H](O)COc1cn2ncnc(Oc3ccc4[nH]c(C)cc4c3F)c2c1C","http://data.lincscloud.org/pert_images/BRD-K28428262.png"
"52","ETOPOSIDE","COc1cc(cc(OC)c1O)C1C2C(COC2=O)C(OC2OC3COC(C)OC3C(O)C2O)C2C1=CC1=C2OCO1","http://data.lincscloud.org/pert_images/BRD-A02579693.png"
"53","CCT036477","Cc1[nH]c2ccccc2c1C(Nc1ccccn1)c1ccc(Cl)cc1","http://data.lincscloud.org/pert_images/BRD-A22997170.png"
"54","OLIGOMYCINA","CCC1CCC2OC3(CC[C@@H](C)C(C[C@H](C)O)O3)[C@H](C)C(OC(=O)\C=C\[C@@H](C)[C@H](O)[C@@H](C)C(=O)[C@H](C)[C@@H](O)[C@H](C)C(=O)[C@@](C)(O)[C@H](O)[C@@H](C)C\C=C\C=C\1)[C@H]2C","http://data.lincscloud.org/pert_images/BRD-A81541225.png"
"55","THALIDOMIDE","O=C1N(C2CCC(=O)NC2=O)C(=O)c3ccccc13","http://data.lincscloud.org/pert_images/BRD-A93255169.png"
"56","CYANOQUINOLINE11","Fc1ccc(Nc2c(cnc3c(Cl)cc(NCc4cnc[nH]4)cc23)C#N)cc1Cl","http://data.lincscloud.org/pert_images/BRD-K00088062.png"
"57","AM580","CC1(C)CCC(C)(C)c2cc(ccc21)C(=O)Nc3ccc(cc3)C(=O)O","http://data.lincscloud.org/pert_images/BRD-K06854232.png"
"58","SID26681509","CCc1ccccc1NC(=O)CSC(=O)NNC(=O)[C@@H](Cc2c[nH]c3ccccc23)NC(=O)OC(C)(C)C","http://data.lincscloud.org/pert_images/BRD-K08417745.png"
"59","LINSITINIB","CC1(C)CC(C1)c1nc(-c2ccc3ccc(nc3c2)-c2ccccc2)c2c(N)nccn12","http://data.lincscloud.org/pert_images/BRD-K08589866.png"
"60","KU0060648","CCN1CCN(CC(=O)Nc2ccc(-c3cccc4c3oc(cc4=O)N3CCOCC3)c3sc4ccccc4c23)CC1","http://data.lincscloud.org/pert_images/BRD-K09499853.png"
"61","FGIN127","CCCCCCN(CCCCCC)C(=O)Cc1c([nH]c2ccccc12)c3ccc(F)cc3","http://data.lincscloud.org/pert_images/BRD-K09778810.png"
"62","PRL3INHIBITORI","Brc1ccc(OCc2ccccc2Br)c(/C=C\3/SC(=S)NC3=O)c1","http://data.lincscloud.org/pert_images/BRD-K09907482.png"
"63","GEMCITABINE","Nc1ccn([C@@H]2O[C@H](CO)[C@@H](O)C2(F)F)c(=O)n1","http://data.lincscloud.org/pert_images/BRD-K15108141.png"
"64","PHLORETIN","Oc1ccc(CCC(=O)c2c(O)cc(O)cc2O)cc1","http://data.lincscloud.org/pert_images/BRD-K15563106.png"
"65","SCH79797","CC(C)c1ccc(Cn2ccc3c2ccc4nc(NC5CC5)nc(N)c34)cc1","http://data.lincscloud.org/pert_images/BRD-K17140735.png"
"66","HLI373","CN(C)CCCNc1c2ccccc2n(C)c2nc(=O)n(C)c(=O)c12","http://data.lincscloud.org/pert_images/BRD-K17349619.png"
"67","PROCHLORPERAZINE","CN1CCN(CCCN2c3ccccc3Sc4ccc(Cl)cc24)CC1","http://data.lincscloud.org/pert_images/BRD-K19352500.png"
"68","ERISMODEGIB","C[C@H]1CN(C[C@@H](C)O1)c1ccc(NC(=O)c2cccc(-c3ccc(OC(F)(F)F)cc3)c2C)cn1","http://data.lincscloud.org/pert_images/BRD-K19796430.png"
"69","MST312","Oc1cccc(C(=O)Nc2cccc(NC(=O)c3cccc(O)c3O)c2)c1O","http://data.lincscloud.org/pert_images/BRD-K19894101.png"
"70","PIPERLONGUMINE","COc1cc(/C=C/C(=O)N2CCC=CC2=O)cc(OC)c1OC","http://data.lincscloud.org/pert_images/BRD-K24132293.png"
"71","CYTOCHALASINB","C[C@H]1[C@H]2[C@H](Cc3ccccc3)NC(=O)[C@]22OC(=O)\C=C\[C@H](O)CCC[C@@H](C)C\C=C\[C@H]2[C@H](O)C1=C","http://data.lincscloud.org/pert_images/BRD-K26664453.png"
"72","CD437","OC(=O)c1ccc2cc(ccc2c1)c3ccc(O)c(c3)C4(CC5CC6CC(C5)C4)C6","http://data.lincscloud.org/pert_images/BRD-K28907958.png"
"73","ISOLIQUIRITIGENIN","Oc1ccc(/C=C/C(=O)c2ccc(O)cc2O)cc1","http://data.lincscloud.org/pert_images/BRD-K33583600.png"
"74","DARINAPARSIN","C[As](C)SC[C@H](NC(=O)CC[C@H](N)C(O)=O)C(=O)NCC(O)=O","http://data.lincscloud.org/pert_images/BRD-K35723520.png"
"75","NICLOSAMIDE","Oc1ccc(Cl)cc1C(=O)Nc2ccc(cc2Cl)[N+](=O)[O-]","http://data.lincscloud.org/pert_images/BRD-K35960502.png"
"76","PRIMA1MET","COC[C@]1(CO)[N@@]2CC[C@@H](CC2)C1=O","http://data.lincscloud.org/pert_images/BRD-K49456190.png"
"77","CAY10594","O=C(NCCN1CCC2(CC1)N(CNC2=O)c1ccccc1)c1ccc2ccccc2c1","http://data.lincscloud.org/pert_images/BRD-K61662457.png"
"78","TIPIFARNIBP2","Cn1cncc1[C@@](N)(c1ccc(Cl)cc1)c1ccc2n(C)c(=O)cc(-c3cccc(Cl)c3)c2c1","http://data.lincscloud.org/pert_images/BRD-K62965247.png"
"79","KO143","COc1ccc2c3C[C@@H]4N([C@@H](CC(C)C)c3[nH]c2c1)C(=O)[C@H](CCC(=O)OC(C)(C)C)NC4=O","http://data.lincscloud.org/pert_images/BRD-K64642496.png"
"80","KU0063794","COc1ccc(cc1CO)-c1ccc2c(nc(nc2n1)N1C[C@H](C)O[C@H](C)C1)N1CCOCC1","http://data.lincscloud.org/pert_images/BRD-K67566344.png"
"81","GDC0879","OCCn1cc(c(n1)-c1ccncc1)-c1ccc2c(CC\C2=N/O)c1","http://data.lincscloud.org/pert_images/BRD-K67578145.png"
"82","UNC0321","COc1cc2c(NC3CCN(C)CC3)nc(nc2cc1OCCOCCN(C)C)N1CCCN(C)CC1","http://data.lincscloud.org/pert_images/BRD-K74236984.png"
"83","NSC632839","Cc1ccc(/C=C/2\CNC/C(=C/c3ccc(C)cc3)/C2=O)cc1","http://data.lincscloud.org/pert_images/BRD-K74402642.png"
"84","YM155","COCCn1c2c(C(=O)c3ccccc3C2=O)[n+](Cc2cnccn2)c1C","http://data.lincscloud.org/pert_images/BRD-K76703230.png"
"85","EX527","NC(=O)[C@H]1CCCc2c1[nH]c1ccc(Cl)cc21","http://data.lincscloud.org/pert_images/BRD-K76964878.png"
"86","VORINOSTAT","ONC(=O)CCCCCCC(=O)Nc1ccccc1","http://data.lincscloud.org/pert_images/BRD-K81418486.png"
"87","PF750","O=C(Nc1ccccc1)N2CCC(Cc3cnc4ccccc4c3)CC2","http://data.lincscloud.org/pert_images/BRD-K83213911.png"
"88","CAY10618","O=C(CCCCCCCn1cc(nn1)-c1cccnc1)Nc1ccccc1-c1ccccc1","http://data.lincscloud.org/pert_images/BRD-K83289131.png"
"89","VELIPARIB","C[C@@]1(CCCN1)c1nc2c(cccc2[nH]1)C(N)=O","http://data.lincscloud.org/pert_images/BRD-K87142802.png"
"90","ALVOCIDIB","CN1CC[C@@H]([C@H](O)C1)c1c(O)cc(O)c2c1oc(cc2=O)-c1ccccc1Cl","http://data.lincscloud.org/pert_images/BRD-K87909389.png"
"91","CI976","CCCCCCCCCCC(C)(C)C(=O)Nc1c(OC)cc(OC)cc1OC","http://data.lincscloud.org/pert_images/BRD-K88544581.png"
"92","RG108","OC(=O)[C@H](Cc1c[nH]c2ccccc12)N1C(=O)c2ccccc2C1=O","http://data.lincscloud.org/pert_images/BRD-K89391146.png"
"93","TRIFLUOPERAZINE","CN1CCN(CCCN2c3ccccc3Sc4ccc(cc24)C(F)(F)F)CC1","http://data.lincscloud.org/pert_images/BRD-K89732114.png"
"94","DOXORUBICIN","COc1cccc2C(=O)c3c(O)c4C[C@](O)(C[C@H](O[C@H]5C[C@H](N)[C@H](O)[C@H](C)O5)c4c(O)c3C(=O)c12)C(=O)CO","http://data.lincscloud.org/pert_images/BRD-K92093830.png"
"95","PAC1","Oc1c(CC=C)cccc1\C=N\NC(=O)CN1CCN(Cc2ccccc2)CC1","http://data.lincscloud.org/pert_images/BRD-K92991072.png"
"96","AC55649","CCCCCCCCc1ccc(cc1)c2ccc(cc2)C(=O)O","http://data.lincscloud.org/pert_images/BRD-K93176058.png"
"97","PACLITAXEL","CC(=O)OC1C2=C(C)C(CC(O)(C(OC(=O)c3ccccc3)C4C5(COC5CC(O)C4(C)C1=O)OC(=O)C)C2(C)C)OC(=O)C(O)C(NC(=O)c6ccccc6)c7ccccc7","http://data.lincscloud.org/pert_images/BRD-A23723433.png"
"98","CUCURBITACINI","CC(C)(O)\C=C\C(=O)[C@](C)(O)C1[C@H](O)C[C@@]2(C)C3CC=C4C(CC(=O)C(=O)C4(C)C)[C@]3(C)C(=O)C[C@]12C","http://data.lincscloud.org/pert_images/BRD-A28105619.png"
"99","IBRUTINIB","Nc1ncnc2n(nc(-c3ccc(Oc4ccccc4)cc3)c12)C1CCCN(C1)C(=O)C=C","http://data.lincscloud.org/pert_images/BRD-A35869383.png"
"100","OUABAIN","CC1OC(OC2CC(O)C3(CO)C4C(O)CC5(C)C(CCC5(O)C4CCC3(O)C2)C6=CC(=O)OC6)C(O)C(O)C1O","http://data.lincscloud.org/pert_images/BRD-A46747628.png"
"101","TEMSIROLIMUS","COC1CC(CC(C)C2CC(=O)C(C)\C=C(C)\C(O)C(OC)C(=O)C(C)CC(C)\C=C\C=C\C=C(C)\C(CC3CCC(C)C(O)(O3)C(=O)C(=O)N3CCCCC3C(=O)O2)OC)CCC1OC(=O)C(C)(CO)CO","http://data.lincscloud.org/pert_images/BRD-A62025033.png"
"102","FUMONISINB1","CCCC[C@@H](C)[C@@H](OC(=O)C[C@@H](CC(O)=O)C(O)=O)[C@H](CC(C)C[C@H](O)CCCC[C@@H](O)C[C@H](O)[C@H](C)N)OC(=O)C[C@@H](CC(O)=O)C(O)=O","http://data.lincscloud.org/pert_images/BRD-A63646118.png"
"103","APICIDIN","CCC(C)[C@@H]1NC(=O)[C@H](Cc2cn(OC)c3ccccc23)NC(=O)[C@H](CCCCCC(=O)CC)NC(=O)[C@H]2CCCCN2C1=O","http://data.lincscloud.org/pert_images/BRD-A63989068.png"
"104","VINCRISTINE","CCC1(O)CC2CN(C1)CCc3c([nH]c4ccccc34)C(C2)(C(=O)OC)c5cc6c(cc5OC)N(C=O)C7C86CCN9CC=CC(CC)(C98)C(C(=O)OC)C7(O)C(=O)OC","http://data.lincscloud.org/pert_images/BRD-A76528577.png"
"105","MANUMYCINA","CCCC[C@@H](C)\C=C(C)\C=C(/C)C(=O)NC1=C[C@@](O)(\C=C\C=C\C=C\C(=O)NC2C(=O)CCC2=O)[C@@H]2OC2C1=O","http://data.lincscloud.org/pert_images/BRD-A77216878.png"
"106","TRAMETINIB","CC(=O)Nc1cccc(c1)-n1c2c(C)c(=O)n(C)c(Nc3ccc(I)cc3F)c2c(=O)n(C2CC2)c1=O","http://data.lincscloud.org/pert_images/BRD-K12343256.png"
"107","CICLOPIROX","Cc1cc(C2CCCCC2)n(O)c(=O)c1","http://data.lincscloud.org/pert_images/BRD-K13044802.png"
"108","IMPORTAZOLE","CC(Nc1nc(nc2ccccc12)N3CCCC3)c4ccccc4","http://data.lincscloud.org/pert_images/BRD-A02481876.png"
"109","TRIPTOLIDE","CC(C)[C@@]12O[C@H]2[C@@H]3O[C@]34[C@]5(O[C@H]5CC6C7=C(CC[C@@]64C)C(=O)OC7)[C@@H]1O","http://data.lincscloud.org/pert_images/BRD-A13122391.png"
"110","AVICIND","CC1O[C@@H](OCC2O[C@@H](O[C@H]3CC[C@@]4(C)C(CC[C@]5(C)C4CC=C4C6CC(C)(C)[C@H](C[C@@]6([C@H](O)C[C@@]54C)C(=O)O[C@@H]4OC(CO)[C@@H](O)[C@@H](O)[C@@H]4O[C@@H]4OC(C)[C@H](O[C@@H]5O[C@@H](CO)[C@H](O)[C@@H]5O)[C@@H](O[C@@H]5OC(CO)[C@@H](O)[C@@H](O)[C@@H]5O)[C@@H]4O)OC(=O)C(\CO)=C\CC[C@](C)(O[C@@H]4OC(C)[C@@H](OC(=O)C(\CO)=C\CCC(C)(O)C=C)[C@@H](O)[C@@H]4O)C=C)C3(C)C)[C@@H](NC(C)=O)[C@H](O)[C@@H]2O)[C@@H](O[C@@H]2OC[C@@H](O)[C@@H](O)[C@@H]2O)[C@H](O)[C@H]1O","http://data.lincscloud.org/pert_images/BRD-A15100685.png"
"111","BAXCHANNELBLOCKER","OC(CN1CCNCC1)Cn2c3ccc(Br)cc3c4cc(Br)ccc24","http://data.lincscloud.org/pert_images/BRD-A18763547.png"
"112","TIGECYCLINE","CN(C)[C@H]1[C@@H]2C[C@@H]3Cc4c(cc(NC(=O)CNC(C)(C)C)c(O)c4C(=O)C3C(=O)[C@]2(O)C(=O)C(C(N)=O)C1=O)N(C)C","http://data.lincscloud.org/pert_images/BRD-A34462049.png"
"113","TENIPOSIDE","COc1cc(cc(OC)c1O)[C@H]2[C@@H]3C(COC3=O)C(O[C@@H]4O[C@@H]5CO[C@H](OC5[C@H](O)[C@H]4O)c6cccs6)c7cc8OCOc8cc27","http://data.lincscloud.org/pert_images/BRD-A35588707.png"
"114","NECROSTATIN1","CN1C(=O)C(Cc2c[nH]c3ccccc23)NC1=S","http://data.lincscloud.org/pert_images/BRD-A36318220.png"
"115","SN38","CCc1c2Cn3c(cc4c(COC(=O)C4(O)CC)c3=O)-c2nc5ccc(O)cc15","http://data.lincscloud.org/pert_images/BRD-A36630025.png"
"116","TGX221","CC(Nc1ccccc1)c1cc(C)cn2c1nc(cc2=O)N1CCOCC1","http://data.lincscloud.org/pert_images/BRD-A41692738.png"
"117","PX12","CCC(C)SSc1ncc[nH]1","http://data.lincscloud.org/pert_images/BRD-A56592690.png"
"118","AFATINIB","CN(C)C\C=C\C(=O)Nc1cc2c(Nc3ccc(F)c(Cl)c3)ncnc2cc1OC1CCOC1","http://data.lincscloud.org/pert_images/BRD-A58767537.png"
"119","COL3","NC(=O)C1C(=O)C[C@@H]2C[C@@H]3Cc4cccc(O)c4C(=O)C3C(=O)[C@]2(O)C1=O","http://data.lincscloud.org/pert_images/BRD-A59431241.png"
"120","TANESPIMYCIN","COC1CC(C)CC2=C(NCC=C)C(=O)C=C(NC(=O)\C(C)=C\C=C\C(OC)C(OC(N)=O)\C(C)=C\C(C)C1O)C2=O","http://data.lincscloud.org/pert_images/BRD-A61304759.png"
"121","YK4279","COc1ccc(cc1)C(=O)CC1(O)C(=O)Nc2c1c(Cl)ccc2Cl","http://data.lincscloud.org/pert_images/BRD-A62182663.png"
"122","SALERMIDE","CC(C(=O)Nc1cccc(c1)\N=C\c1c(O)ccc2ccccc12)c1ccccc1","http://data.lincscloud.org/pert_images/BRD-A67788537.png"
"123","KU60019","CC1CN(CC(=O)Nc2ccc3Sc4c(Cc3c2)cccc4-c2cc(=O)cc(o2)N2CCOCC2)CC(C)O1","http://data.lincscloud.org/pert_images/BRD-A90451247.png"
"124","RITA","OCc1ccc(s1)c2ccc(o2)c3ccc(CO)s3","http://data.lincscloud.org/pert_images/BRD-K00317371.png"
"125","TUBASTATINA","CN1CCc2c(C1)c1ccccc1n2Cc1ccc(cc1)C(=O)NO","http://data.lincscloud.org/pert_images/BRD-K00627859.png"
"126","PYRAZOLANTHRONE","O=C1c2ccccc2-c3n[nH]c4cccc1c34","http://data.lincscloud.org/pert_images/BRD-K01567962.png"
"127","OLAPARIB","Fc1ccc(Cc2n[nH]c(=O)c3ccccc23)cc1C(=O)N1CCN(CC1)C(=O)C1CC1","http://data.lincscloud.org/pert_images/BRD-K02113016.png"
"128","PARBENDAZOLE","CCCCc1ccc2[nH]c(NC(=O)OC)nc2c1","http://data.lincscloud.org/pert_images/BRD-K02407574.png"
"129","QS11","OC[C@H](Cc1ccccc1)Nc1nc(Oc2ccc3CCCc3c2)nc2n(Cc3ccc(cc3)-c3ccccc3)cnc12","http://data.lincscloud.org/pert_images/BRD-K02526760.png"
"130","GSK1059615","O=C1NC(=O)\C(S1)=C/c1ccc2nccc(-c3ccncc3)c2c1","http://data.lincscloud.org/pert_images/BRD-K02708799.png"
"131","FORETINIB","COc1cc2c(Oc3ccc(NC(=O)C4(CC4)C(=O)Nc4ccc(F)cc4)cc3F)ccnc2cc1OCCCN1CCOCC1","http://data.lincscloud.org/pert_images/BRD-K03449891.png"
"132","GSK3INHIBITORIX","O/N=C/1\C(=C/2\C(=O)Nc3cc(Br)ccc23)\Nc4ccccc14","http://data.lincscloud.org/pert_images/BRD-K04923131.png"
"133","LE135","CN1c2ccccc2C(=Nc3cc4c(cc13)C(C)(C)CCC4(C)C)c5ccc(cc5)C(=O)O","http://data.lincscloud.org/pert_images/BRD-K06593056.png"
"134","NARCICLASINE","O[C@H]1C=C2[C@@H](NC(=O)c3c(O)c4OCOc4cc23)[C@H](O)[C@@H]1O","http://data.lincscloud.org/pert_images/BRD-K06792661.png"
"135","DABRAFENIB","CC(C)(C)c1nc(c(s1)-c1ccnc(N)n1)-c1cccc(NS(=O)(=O)c2c(F)cccc2F)c1F","http://data.lincscloud.org/pert_images/BRD-K09951645.png"
"136","GW405833","COc1ccc2n(C(=O)c3cccc(Cl)c3Cl)c(C)c(CCN4CCOCC4)c2c1","http://data.lincscloud.org/pert_images/BRD-K10705233.png"
"137","AT7867","Clc1ccc(cc1)C1(CCNCC1)c1ccc(cc1)-c1cn[nH]c1","http://data.lincscloud.org/pert_images/BRD-K12040459.png"
"138","NVPBEZ235","Cn1c(=O)n(c2ccc(cc2)C(C)(C)C#N)c3c1cnc4ccc(cc34)c5cnc6ccccc6c5","http://data.lincscloud.org/pert_images/BRD-K12184916.png"
"139","TG101348","Cc1cnc(Nc2ccc(OCCN3CCCC3)cc2)nc1Nc1cccc(c1)S(=O)(=O)NC(C)(C)C","http://data.lincscloud.org/pert_images/BRD-K12502280.png"
"140","VALDECOXIB","Cc1onc(c1c2ccc(cc2)S(=O)(=O)N)c3ccccc3","http://data.lincscloud.org/pert_images/BRD-K12994359.png"
"141","BMS345541","Cc1cnc2c(NCCN)nc3ccc(C)cc3n12","http://data.lincscloud.org/pert_images/BRD-K13566078.png"
"142","CHIR99021","Cc1c[nH]c(n1)c2cnc(NCCNc3ccc(C#N)cn3)nc2c4ccc(Cl)cc4Cl","http://data.lincscloud.org/pert_images/BRD-K16189898.png"
"143","BELINOSTAT","ONC(=O)/C=C/c1cccc(c1)S(=O)(=O)Nc2ccccc2","http://data.lincscloud.org/pert_images/BRD-K17743125.png"
"144","SGX523","Cn1cc(cn1)-c1ccc2nnc(Sc3ccc4ncccc4c3)n2n1","http://data.lincscloud.org/pert_images/BRD-K19477839.png"
"145","FLUOROURACIL","Fc1c[nH]c(=O)[nH]c1=O","http://data.lincscloud.org/pert_images/BRD-K24844714.png"
"146","KU55933","O=c1cc(oc(c1)c2cccc3Sc4ccccc4Sc23)N5CCOCC5","http://data.lincscloud.org/pert_images/BRD-K25311561.png"
"147","OSI930","FC(F)(F)Oc1ccc(NC(=O)c2sccc2NCc2ccnc3ccccc23)cc1","http://data.lincscloud.org/pert_images/BRD-K25340465.png"
"148","CD1530","OC(=O)c1ccc(cc1)c2ccc3cc(c(O)cc3c2)C4(CC5CC6CC(C5)C4)C6","http://data.lincscloud.org/pert_images/BRD-K25737009.png"
"149","BIX01294","COc1cc2nc(nc(NC3CCN(Cc4ccccc4)CC3)c2cc1OC)N5CCCN(C)CC5","http://data.lincscloud.org/pert_images/BRD-K26818574.png"
"150","TEMOZOLOMIDE","Cn1nnc2c(ncn2c1=O)C(=O)N","http://data.lincscloud.org/pert_images/BRD-K32107296.png"
"151","TIVANTINIB","O=C1NC(=O)[C@H]([C@@H]1c1c[nH]c2ccccc12)c1cn2CCCc3cccc1c23","http://data.lincscloud.org/pert_images/BRD-K33379087.png"
"152","BMS536924","Cc1cc(cc2[nH]c(nc12)-c1c(NC[C@@H](O)c2cccc(Cl)c2)cc[nH]c1=O)N1CCOCC1","http://data.lincscloud.org/pert_images/BRD-K34581968.png"
"153","SB525334","Cc1cccc(n1)-c1[nH]c(nc1-c1ccc2nccnc2c1)C(C)(C)C","http://data.lincscloud.org/pert_images/BRD-K37720887.png"
"154","LY2183240","CN(C)C(=O)n1nnnc1Cc2ccc(cc2)c3ccccc3","http://data.lincscloud.org/pert_images/BRD-K37865504.png"
"155","MYRICETIN","Oc1cc(O)c2c(=O)c(O)c(oc2c1)c3cc(O)c(O)c(O)c3","http://data.lincscloud.org/pert_images/BRD-K43149758.png"
"156","AZD7762","NC(=O)Nc1cc(sc1C(=O)N[C@@H]1CCCNC1)-c1cccc(F)c1","http://data.lincscloud.org/pert_images/BRD-K46056750.png"
"157","DASATINIB","Cc1cccc(Cl)c1NC(=O)c2cnc(Nc3cc(nc(C)n3)N4CCN(CCO)CC4)s2","http://data.lincscloud.org/pert_images/BRD-K49328571.png"
"158","SORAFENIB","CNC(=O)c1cccc(Oc2ccc(NC(=O)Nc3ccc(Cl)c(c3)C(F)(F)F)cc2)c1","http://data.lincscloud.org/pert_images/BRD-K49810818.png"
"159","NVPTAE684","COc1cc(ccc1Nc1ncc(Cl)c(Nc2ccccc2S(=O)(=O)C(C)C)n1)N1CCC(CC1)N1CCN(C)CC1","http://data.lincscloud.org/pert_images/BRD-K50140147.png"
"160","CANERTINIB","Fc1ccc(Nc2ncnc3cc(OCCCN4CCOCC4)c(NC(=O)C=C)cc23)cc1Cl","http://data.lincscloud.org/pert_images/BRD-K50168500.png"
"161","TPCA1","NC(=O)Nc1sc(cc1C(=O)N)c2ccc(F)cc2","http://data.lincscloud.org/pert_images/BRD-K51575138.png"
"162","CERULENIN","C/C=C/C\C=C\CCC(=O)[C@H]1O[C@H]1C(=O)N","http://data.lincscloud.org/pert_images/BRD-K52075040.png"
"163","GDC0941","CS(=O)(=O)N1CCN(Cc2cc3nc(nc(N4CCOCC4)c3s2)-c2cccc3[nH]ncc23)CC1","http://data.lincscloud.org/pert_images/BRD-K52911425.png"
"164","TIVOZANIB","COc1cc2nccc(Oc3ccc(NC(=O)Nc4cc(C)on4)c(Cl)c3)c2cc1OC","http://data.lincscloud.org/pert_images/BRD-K53414658.png"
"165","RUXOLITINIB","N#CC[C@H](C1CCCC1)n1cc(cn1)-c1ncnc2[nH]ccc12","http://data.lincscloud.org/pert_images/BRD-K53972329.png"
"166","MK1775","CN1CCN(CC1)c1ccc(Nc2ncc3c(n2)n(-c2cccc(n2)C(C)(C)O)n(CC=C)c3=O)cc1","http://data.lincscloud.org/pert_images/BRD-K54256913.png"
"167","MGCD265","Cn1cnc(c1)-c1cc2nccc(Oc3ccc(NC(=S)NC(=O)Cc4ccccc4)cc3F)c2s1","http://data.lincscloud.org/pert_images/BRD-K56277358.png"
"168","ABT737","CN(C)CC[C@H](CSc1ccccc1)Nc2ccc(cc2[N+](=O)[O-])S(=O)(=O)NC(=O)c3ccc(cc3)N4CCN(Cc5ccccc5c6ccc(Cl)cc6)CC4","http://data.lincscloud.org/pert_images/BRD-K56301217.png"
"169","SELUMETINIB","Cn1cnc2c(F)c(Nc3ccc(Br)cc3Cl)c(cc12)C(=O)NOCCO","http://data.lincscloud.org/pert_images/BRD-K57080016.png"
"170","AZD6482","C[C@@H](Nc1ccccc1C(O)=O)c1cc(C)cn2c1nc(cc2=O)N1CCOCC1","http://data.lincscloud.org/pert_images/BRD-K58772419.png"
"171","SERDEMETAN","C(Cc1c[nH]c2ccccc12)Nc1cccc(Nc2ccncc2)c1","http://data.lincscloud.org/pert_images/BRD-K60219430.png"
"172","MG132","CC(C)C[C@H](NC(=O)[C@H](CC(C)C)NC(=O)[C@H](CC(C)C)NC(=O)OCc1ccccc1)C=O","http://data.lincscloud.org/pert_images/BRD-K60230970.png"
"173","SB225002","Oc1cc(ccc1NC(=O)Nc2ccccc2Br)[N+](=O)[O-]","http://data.lincscloud.org/pert_images/BRD-K61323504.png"
"174","GEFITINIB","COc1cc2ncnc(Nc3ccc(F)c(Cl)c3)c2cc1OCCCN4CCOCC4","http://data.lincscloud.org/pert_images/BRD-K64052750.png"
"175","TRETINOIN","CC(=CCO)C=CC=C(C)C=CC1=C(C)CCCC1(C)C","http://data.lincscloud.org/pert_images/BRD-K64634304.png"
"176","PHA793887","CC(C)CC(=O)Nc1n[nH]c2c1CN(C(=O)C1CCN(C)CC1)C2(C)C","http://data.lincscloud.org/pert_images/BRD-K64800655.png"
"177","BI2536","CC[C@H]1N(C2CCCC2)c3nc(Nc4ccc(cc4OC)C(=O)NC5CCN(C)CC5)ncc3N(C)C1=O","http://data.lincscloud.org/pert_images/BRD-K64890080.png"
"178","PI103","Oc1cccc(c1)c2nc(N3CCOCC3)c4oc5ncccc5c4n2","http://data.lincscloud.org/pert_images/BRD-K67868012.png"
"179","MK2206","NC1(CCC1)c2ccc(cc2)c3nc4ccn5c(=O)[nH]nc5c4cc3c6ccccc6","http://data.lincscloud.org/pert_images/BRD-K68065987.png"
"180","AZD8055","COc1ccc(cc1CO)-c1ccc2c(nc(nc2n1)N1CCOC[C@@H]1C)N1CCOC[C@@H]1C","http://data.lincscloud.org/pert_images/BRD-K69932463.png"
"181","ERLOTINIB","COCCOc1cc2ncnc(Nc3cccc(C#C)c3)c2cc1OCCOC","http://data.lincscloud.org/pert_images/BRD-K70401845.png"
"182","SUNITINIB","COc1ccc(cc1)S(=O)(=O)N(C(C)=O)c1ccccc1\C=C\c1cc[n+]([O-])cc1","http://data.lincscloud.org/pert_images/BRD-K70511574.png"
"183","NERATINIB","CCOc1cc2ncc(C#N)c(Nc3ccc(OCc4ccccn4)c(Cl)c3)c2cc1NC(=O)\C=C\CN(C)C","http://data.lincscloud.org/pert_images/BRD-K85606544.png"
"184","GW843682X","COc1cc2ncn(c3cc(OCc4ccccc4C(F)(F)F)c(s3)C(=O)N)c2cc1OC","http://data.lincscloud.org/pert_images/BRD-K90382497.png"
"185","TOSEDOSTAT","CC(C)C[C@H]([C@H](O)C(=O)NO)C(=O)N[C@H](C(=O)OC1CCCC1)c1ccccc1","http://data.lincscloud.org/pert_images/BRD-K92241597.png"
"186","GSK461364","C[C@@H](Oc1cc(sc1C(N)=O)-n1cnc2ccc(CN3CCN(C)CC3)cc12)c1ccccc1C(F)(F)F","http://data.lincscloud.org/pert_images/BRD-K92428232.png"
"187","IMATINIB","CN1CCN(Cc2ccc(cc2)C(=O)Nc3ccc(C)c(Nc4nccc(n4)c5cccnc5)c3)CC1","http://data.lincscloud.org/pert_images/BRD-K92723993.png"
"188","LINIFANIB","Cc1ccc(F)c(NC(=O)Nc2ccc(cc2)-c2cccc3[nH]nc(N)c23)c1","http://data.lincscloud.org/pert_images/BRD-K99749624.png"
"189","ZEBULARINE","OC[C@H]1O[C@H]([C@H](O)[C@@H]1O)n1cccnc1=O","http://data.lincscloud.org/pert_images/BRD-K87714311.png"
"190","ERASTIN","CCOc1ccccc1n2c(nc3ccccc3c2=O)C(C)N4CCN(CC4)C(=O)COc5ccc(Cl)cc5","http://data.lincscloud.org/pert_images/BRD-A25004090.png"
"191","BRDK01737880","COc1ccc(NC(=O)Nc2ccc3O[C@@H](CN(C)Cc4ccc5OCOc5c4)[C@@H](C)CN([C@@H](C)CO)C(=O)c3c2)cc1","http://data.lincscloud.org/pert_images/BRD-K01737880.png"
"192","MERCK60","CC(=O)Nc1ccc(cc1)C(=O)Nc2cc(ccc2N)c3cccs3","http://data.lincscloud.org/pert_images/BRD-K04466929.png"
"193","TACEDINALINE","CC(=O)Nc1ccc(cc1)C(=O)Nc2ccccc2N","http://data.lincscloud.org/pert_images/BRD-K52313696.png"
"194","BARASERTIB","CCN(CCO)CCCOc1ccc2c(Nc3cc(CC(=O)Nc4cccc(F)c4)[nH]n3)ncnc2c1","http://data.lincscloud.org/pert_images/BRD-K63923597.png"
"195","CRIZOTINIB","C[C@@H](Oc1cc(cnc1N)-c1cnn(c1)C1CCNCC1)c1c(Cl)ccc(F)c1Cl","http://data.lincscloud.org/pert_images/BRD-K78431006.png"
"196","NILOTINIB","Cc1cn(cn1)c2cc(NC(=O)c3ccc(C)c(Nc4nccc(n4)c5cccnc5)c3)cc(c2)C(F)(F)F","http://data.lincscloud.org/pert_images/BRD-K81528515.png"
"197","PIFITHRINMU","NS(=O)(=O)C#Cc1ccccc1","http://data.lincscloud.org/pert_images/BRD-K96799727.png"
"198","TOPOTECAN","CCC1(O)C(=O)OCc2c1cc1-c3nc4ccc(O)c(CN(C)C)c4cc3Cn1c2=O","http://data.lincscloud.org/pert_images/BRD-A59985574.png"
"199","IFOSFAMIDE","ClCCNP1(=O)OCCCN1CCCl","http://data.lincscloud.org/pert_images/BRD-A67097164.png"
"200","NSC23766","CCN(CC)CCCC(C)Nc1nc(C)cc(Nc2ccc3nc(C)cc(N)c3c2)n1","http://data.lincscloud.org/pert_images/BRD-A80213327.png"
"201","HYPERFORIN","CC(C)C(=O)[C@@]12C(=O)C(CC=C(C)C)C(=O)[C@@](CC=C(C)C)(C[C@H](CC=C(C)C)[C@@]1(C)CCC=C(C)C)C2=O","http://data.lincscloud.org/pert_images/BRD-A80775386.png"
"202","BRDK02492147","CN1CCN(CC1)C(=O)C[C@@H]1O[C@H](CO)[C@@H](NS(=O)(=O)c2cccc(F)c2)C=C1","http://data.lincscloud.org/pert_images/BRD-K02492147.png"
"203","BIBR1532","C\C(=C/C(=O)Nc1ccccc1C(O)=O)c1ccc2ccccc2c1","http://data.lincscloud.org/pert_images/BRD-K04623885.png"
"204","CURCUMIN","COc1cc(/C=C/C(=O)CC(=O)\C=C\c2ccc(O)c(OC)c2)ccc1O","http://data.lincscloud.org/pert_images/BRD-K07572174.png"
"205","BMS754807","C[C@]1(CCCN1c1nc(Nc2cc(n[nH]2)C2CC2)c2cccn2n1)C(=O)Nc1ccc(F)nc1","http://data.lincscloud.org/pert_images/BRD-K13049116.png"
"206","BRDK13999467","C[C@@H](CO)N1C[C@H](C)[C@H](CN(C)C(=O)Cc2ccncc2)Oc3cc(C#Cc4ccccc4F)ccc3S1(=O)=O","http://data.lincscloud.org/pert_images/BRD-K13999467.png"
"207","BRDK14844214","CC(C)CC#Cc1ccc2c(O[C@@H](CN(C)C(=O)c3cnccn3)[C@H](C)CN([C@H](C)CO)S2(=O)=O)c1","http://data.lincscloud.org/pert_images/BRD-K14844214.png"
"208","OBATOCLAX","COC1=CC(=N\C\1=C/c1[nH]c(C)cc1C)c1cc2ccccc2[nH]1","http://data.lincscloud.org/pert_images/BRD-K15600710.png"
"209","STAUROSPORINE","CN[C@@H]1C[C@H]2O[C@@](C)([C@@H]1OC)n3c4ccccc4c5c6CNC(=O)c6c7c8ccccc8n2c7c35","http://data.lincscloud.org/pert_images/BRD-K17953061.png"
"210","BRDK27224038","C[C@@H](CO)N1C[C@H](C)[C@@H](CN(C)C(=O)C2CCOCC2)Oc3ncc(C#CC4(O)CCCC4)cc3C1=O","http://data.lincscloud.org/pert_images/BRD-K27224038.png"
"211","DOCETAXEL","CC(=O)O[C@@]12CO[C@H]1C[C@H](O)[C@]1(C)[C@H]2[C@H](OC(=O)c2ccccc2)[C@@]2(O)C[C@H](OC(=O)[C@H](O)[C@@H](NC(=O)OC(C)(C)C)c3ccccc3)C(C)=C([C@@H](O)C1=O)C2(C)C","http://data.lincscloud.org/pert_images/BRD-K30618791.png"
"212","BRDK33514849","C[C@H](CO)N1C[C@@H](C)[C@H](CN(C)C(=O)Nc2ccc3OCOc3c2)Oc4cc(C#Cc5ccncc5)ccc4S1(=O)=O","http://data.lincscloud.org/pert_images/BRD-K33514849.png"
"213","DACARBAZINE","CN(C)/N=N/c1[nH]cnc1C(=O)N","http://data.lincscloud.org/pert_images/BRD-K35520305.png"
"214","BETULINICACID","CC(=C)[C@@H]1CC[C@@]2(CC[C@]3(C)[C@H](CC[C@@H]4[C@@]5(C)CC[C@H](O)C(C)(C)[C@@H]5CC[C@]43C)[C@@H]12)C(=O)O","http://data.lincscloud.org/pert_images/BRD-K45401373.png"
"215","BRDK49290616","OC[C@@H]1O[C@@H](CC(=O)NCc2ccncn2)CC[C@H]1NC(=O)c1ccc(F)cc1","http://data.lincscloud.org/pert_images/BRD-K49290616.png"
"216","BRDK50799972","COc1ccccc1-c1cccc(c1)-c1nc(cc2CN([C@@H](CCO)c12)[S@@](=O)C(C)(C)C)C(=O)NCc1ccncc1","http://data.lincscloud.org/pert_images/BRD-K50799972.png"
"217","BRDK55116708","C[C@@H](CO)N1C[C@@H](C)[C@@H](CN(C)Cc2ccc(cc2)C(=O)Nc3ccccc3N)Oc4c(NC(=O)Nc5ccccc5)cccc4C1=O","http://data.lincscloud.org/pert_images/BRD-K55116708.png"
"218","ABIRATERONE","C[C@]12CC[C@@H]3[C@@H](CC=C4C[C@@H](O)CC[C@@]34C)[C@@H]1CC=C2c1cccnc1","http://data.lincscloud.org/pert_images/BRD-K55301415.png"
"219","ISONICOTINOHYDROXAMICACID","ONC(=O)c1ccncc1","http://data.lincscloud.org/pert_images/BRD-K55478147.png"
"220","BRDK63431240","C[C@@H](CO)N1C[C@H](C)[C@@H](CN(C)C(=O)Nc2ccc3OCOc3c2)Oc4cc(C#Cc5ccncc5)ccc4S1(=O)=O","http://data.lincscloud.org/pert_images/BRD-K63431240.png"
"221","PIFITHRINALPHA","Cc1ccc(cc1)C(=O)Cn2c3CCCCc3sc2=N","http://data.lincscloud.org/pert_images/BRD-K66874953.png"
"222","SB431542","NC(=O)c1ccc(cc1)c2nc(c([nH]2)c3ccccn3)c4ccc5OCOc5c4","http://data.lincscloud.org/pert_images/BRD-K67298865.png"
"223","ISOX","CC(C)(C)OC(=O)Nc1ccc(cc1)-c1cc(no1)C(=O)NCCCCCCC(=O)NO","http://data.lincscloud.org/pert_images/BRD-K69840642.png"
"224","MASITINIB","CN1CCN(Cc2ccc(cc2)C(=O)Nc2ccc(C)c(Nc3nc(cs3)-c3cccnc3)c2)CC1","http://data.lincscloud.org/pert_images/BRD-K71035033.png"
"225","BRDK71935468","COC(=O)C(CC#Cc1ccc2NC(=O)[C@@]3([C@H]([C@H]4N([C@H]3c5ccccc5OCCO)[C@@H]([C@@H](OC4=O)c6ccccc6)c7ccccc7)C(=O)N8CCN(CC8)c9ncccn9)c2c1)C(=O)OC","http://data.lincscloud.org/pert_images/BRD-K71935468.png"
"226","PURMORPHAMINE","C1CCC(CC1)n2cnc3c(Nc4ccc(cc4)N5CCOCC5)nc(Oc6cccc7ccccc67)nc23","http://data.lincscloud.org/pert_images/BRD-K73397362.png"
"227","PAZOPANIB","CN(c1ccc2c(C)n(C)nc2c1)c1ccnc(Nc2ccc(C)c(c2)S(N)(=O)=O)n1","http://data.lincscloud.org/pert_images/BRD-K74514084.png"
"228","ALISERTIB","COc1cc(Nc2ncc3CN=C(c4cc(Cl)ccc4-c3n2)c2c(F)cccc2OC)ccc1C(O)=O","http://data.lincscloud.org/pert_images/BRD-K75295174.png"
"229","ENTINOSTAT","Nc1ccccc1NC(=O)c2ccc(CNC(=O)OCc3cccnc3)cc2","http://data.lincscloud.org/pert_images/BRD-K77908580.png"
"230","MLN2238","CC(C)C[C@H](NC(=O)CNC(=O)c1cc(Cl)ccc1Cl)B(O)O","http://data.lincscloud.org/pert_images/BRD-K78659596.png"
"231","PF543","Cc1cc(CS(=O)(=O)c2ccccc2)cc(OCc2ccc(CN3CCC[C@@H]3CO)cc2)c1","http://data.lincscloud.org/pert_images/BRD-K79877282.png"
"232","BRDK86535717","CO[C@@H]1CC[C@H]2CCN(C)C(=O)[C@@H](C)[C@H](CN(C)C(=O)c3cccc(C#N)c3OC[C@H]1O2)OC","http://data.lincscloud.org/pert_images/BRD-K86535717.png"
"233","CEDIRANIB","COc1cc2c(Oc3ccc4[nH]c(C)cc4c3F)ncnc2cc1OCCCN1CCCC1","http://data.lincscloud.org/pert_images/BRD-K86930074.png"
"234","BRDK88742110","COc1ccc(Cn2ccc3ccc(cc23)C(=O)NO)cc1","http://data.lincscloud.org/pert_images/BRD-K88742110.png"
"235","QUIZARTINIB","CC(C)(C)c1cc(NC(=O)Nc2ccc(cc2)-c2cn3c(n2)sc2cc(OCCN4CCOCC4)ccc32)no1","http://data.lincscloud.org/pert_images/BRD-K93918653.png"
"236","OSI027","COc1cccc2cc([nH]c12)-c1nc([C@@H]2CC[C@@H](CC2)C(O)=O)n2ncnc(N)c12","http://data.lincscloud.org/pert_images/BRD-K94294671.png"
"237","BRDK94991378","COCCOC(=O)N1C(=O)[C@]2([C@@H]([C@@H]3N([C@@H]2c4ccccc4OCCO)[C@H]([C@H](OC3=O)c5ccccc5)c6ccccc6)C(=O)NCC=C)c7cc(C#CCC(C(=O)OC)C(=O)OC)ccc17","http://data.lincscloud.org/pert_images/BRD-K94991378.png"
"238","BRDK96431673","CN1CCN(CC1)C(=O)C[C@H]1CC[C@H](NC(=O)c2ccc3OCOc3c2)[C@@H](CO)O1","http://data.lincscloud.org/pert_images/BRD-K96431673.png"
"239","BOSUTINIB","COc1cc(Nc2c(C#N)cnc3cc(OCCCN4CCN(C)CC4)c(OC)cc23)c(Cl)cc1Cl","http://data.lincscloud.org/pert_images/BRD-K99964838.png"
